2014-12-02 16:20:58,山田,clientA
2014-12-02 16:40:35,山田,clientA
2014-12-02 19:42:47,山田,clientA
2014-12-02 19:44:50,鈴木,clientB
2014-12-02 21:09:07,山田,clientA
2014-12-03 10:20:00,,clientA
2014-12-03 10:22:03,test,clientA
2014-12-03 10:28:49,高橋,clientA
2014-12-03 10:29:06,長尾,clientB
2014-12-03 10:39:09,てすと,clientB
2014-12-03 10:43:10,てすと２,clientA
2014-12-03 11:28:29,山田,clientB
2014-12-03 11:34:51,てすと３,clientA
2014-12-03 11:37:25,てすと,clientB
2014-12-03 11:40:01,てすと５,clientB
2014-12-03 11:49:56,test5,clientB
2014-12-03 13:47:40,山田,clientA
2014-12-03 13:52:34,てすと,clientA
2014-12-03 13:58:31,管理者,administrator
2014-12-03 13:59:47,管理者,administrator
2014-12-03 14:01:14,管理者,administrator
2014-12-03 14:02:40,,administrator
2014-12-03 16:07:42,山田,clientA
2014-12-03 16:42:54,山田,clientA
2014-12-03 16:49:44,山田,clientA
2014-12-03 16:51:00,やまだ,clientA
2014-12-03 17:04:30,山田,clientA
2014-12-03 17:24:44,山下,clientB
2014-12-03 17:25:35,山下,clientB
2014-12-03 17:27:21,てすと３,clientB
2014-12-03 17:28:05,ID2,clientB
2014-12-03 17:28:38,てすと,administrator
2014-12-03 17:44:41,てすと,administrator
2014-12-03 17:48:54,てすと,clientA
2014-12-03 17:49:14,,administrator
2014-12-03 17:52:12,山田,clientA
2014-12-03 17:55:38,,administrator
2014-12-03 17:57:59,,administrator
2014-12-03 17:58:27,山田,clientA
2014-12-03 18:00:04,,clientA
2014-12-03 18:02:31,,administrator
2014-12-03 18:11:35,てすと,clientA
2014-12-03 18:11:58,,administrator
2014-12-03 18:13:27,山田,clientA
2014-12-03 18:14:01,,administrator
2014-12-03 18:17:04,,clientA
2014-12-05 15:04:30,山田,clientA
2014-12-05 15:04:55,,administrator
2014-12-11 15:39:01,山田,clientA
2014-12-11 15:39:35,山田,clientB
2014-12-11 15:41:18,山田,administrator
2014-12-11 15:50:11,山田,clientA
2014-12-11 15:54:32,山田,clientA
2014-12-11 15:54:56,,administrator
2014-12-11 16:02:57,,clientB
2014-12-11 16:04:02,,clientA
2014-12-11 16:05:08,,administrator
